Company Name,Website URL,Contact Number,Location/Address,Industry/Category,Company Description,Email Address
Geeks On Site,,,Serving your area.,Computers & Computer Equipment-Service & Repair,,
T & T Truck & Crane Service,http://truckandcrane.com,(805) 232-5116,,Trucking-Heavy HaulingCranes-Renting & LeasingJunk Removal,From Business: T&T Truck and Crane Service is a family owned business since 1969. They are available 24/7 and offer competitive rates. Cranes Services: Hydraulic 15 to 300 Ton;…,
Waters Vacuum Truck Service,https://www.watersvacuum.com,(775) 276-6124,Serving theCA Area,Septic Tank & System CleaningPlumbing-Drain & Sewer CleaningSeptic Tanks & Systems,"The crew at Waters are the best!  My old septic system was on the verge of failure when Dan came up with an affordable, effective, and innovative solution. The crew completed…",
Gastelums' Tree Service,http://www.gastelumtreeservice.com,(707) 435-3072,,Landscaping & Lawn ServicesTree Service,"From Business: Are you looking for a quality tree care service? If yes, then look no further than Gastelum Tree Service. We can trim trees and shrubs to make your outdoor area…",
Ernie's Plumbing & Sewer Service,http://www.erniesplumbingandsewer.com,(707) 515-7550,Serving theCA Area,Building ContractorsPlumbersPlumbing-Drain & Sewer Cleaning,George was a employee that any company would be proud to have representing their company. He gave good suggestions and followed up with a couple of phone calls to see how the…,
Yuba Sutter Tree Service,https://www.yubasuttertreeservice.com,(530) 632-0087,,Landscaping & Lawn ServicesLandscape ContractorsTree Service,Two of the employees here decided instead of asking me to move my car they'd hose the gutters out above it and then leafblow a bunch of dirt and leaves onto it afterward. My…,
Pro Auto & Service,https://www.napaonline.com/en/auto-care,(760) 679-0561,,Automobile Inspection Stations & ServicesAuto Repair & ServiceBrake Repair,"From Business: Pro Auto & Service has been serving the El Centro area and the surrounding cities for many years. Our technicians are highly trained, experienced, and ASE…",
Nonella's Tree Service,https://www.facebook.com/pages/Nonellas-Tree-Service/117968794931019,(831) 373-5356,,Tree ServiceStump Removal & Grinding,"From Business: Nonella's Tree Service is a reliable family business with well over a decade of experience in tree work, landscaping and hardscaping services. We listen to our…",
River City Tree Service,http://rivercitytreeservice.localsearch.com,(530) 244-6333,,Tree Service,"From Business: * Resident Of Shasta CO. For 45 Years *Sam Armfield - Owner *Residential - Commercial *No ""1"" Beats Our Prices",
Ontel Security Services,http://www.ontelsecurity.com,(209) 521-0200,,Security Guard & Patrol ServiceSecurity Guard SchoolsLaw Enforcement Agencies-Government,"From Business: Ontel Security Services, Inc. has been in business since 2006 and is the One Team, One Phone Call, One Solution for your security needs.Ontel does more than…",
A & B Complete Estate Services,http://abestates.wix.com/aandbestates,(831) 722-6818,Serving theCA Area,LiquidatorsAntiquesEstate Appraisal & Sales,"From Business: Serving Santa Cruz Co. and Monterrey Co. and San Benito County`s, Santa Cruz, Aptos, Soquel, Watsonville, free appraisals",
BMG Financial Services,http://www.bmgfinancialservice.com/contact,(925) 754-7110,,LoansBookkeepingAccounting Services,"BMG has been doing my taxes for years.They are fantastic, friendly, and always provide great service.""",
Bob's Grinding Service,,(909) 509-5332,,Tool Grinding IndustrialPrecision GrindingMachine Shops,From Business: We have been serving the Tool Grinding Industry for over 50 years. We are a Family Owned and Operated Business that strives for Great Service and Great Prices.…,
lawyer Referral  Services Of Riverside County,http://riversidelrs.org,(951) 335-0144,,Blind & Vision Impaired ServicesAgricultural Seeding & SprayingBankruptcy Law Attorneys,From Business: The Riverside County Bar Association Lawyer Referral Service (LRS) is the only lawyer referral service exclusively dedicated to serving the legal needs of the…,
Accurate  Home Services Inc,http://www.accurateplumbingchico.com,(530) 230-5253,,Home Repair & MaintenanceHome ImprovementsPlumbers,This has been an excellent experience in a bad situation. My mother in laws water main started leaking in the yard on Friday evening of Labor Day weekend. I tried to dig and…,
Terry's Tree Service,http://www.terrystreeservice.com,(925) 621-0439,,Landscape ContractorsLandscaping & Lawn ServicesArborists,"Terry, himself came to our house, he reviewed the multiple trees, gave us advice and made honest, intelligent  suggestions as to the prognoses of diseased trees and suggestions…",
Hemet  Tree Service,http://hemettreeservice.com,(951) 330-4702,,FirewoodTree ServiceStump Removal & Grinding,"Really great guys! Easy to work with and great price. I am very happy with their work. I will be calling again""",
Cal Clean Service,http://calcleanservice.localsearch.com,(707) 942-5214,,Window CleaningJanitorial ServiceConstruction Site-Clean-Up,"I called to have my windows cleaned, and I got one of the owners on the phone. I soon learned that they do almost all the work themselves. Allan & Karen Ball owners/ operaters…",
Natomas Tax Service,,(916) 419-0295,,BookkeepingTax Return PreparationFinancial Services,,
MaryDale Services,http://www.marydaleservices.com,(707) 546-8230,Serving theCA Area,Personal Shopping ServicePet Sitting & Exercising ServicesOrganizing Services-Household & Business,,
TeleCom Services Company,https://tlcm.com,(707) 376-8185,,Computer System Designers & ConsultantsUtility CompaniesInternet Products & Services,,
Valley Tree Service,http://www.valleytreeservicesolano.com,(707) 999-4593,,Tree ServiceArboristsStump Removal & Grinding,From Business: Valley Tree Service has been servicing Solano County for over 30 years. We offer free estimates and service residential and commercial properties. We offer…,
Santana Cleaning Services,,(831) 601-2426,,House CleaningJanitorial ServiceWindow Cleaning,From Business: Full service Covid Safe cleaning service. Si Habla Espaniol. Free estimates. Same day response. Residential and commercial cleaning services available. Serving…,
Netrax Tax Service,,(408) 254-1100,,Taxes-Consultants & RepresentativesManagement ConsultantsBusiness Coaches & Consultants,"From Business: Netrax is a CPA business practicing bookkeeping, tax preparation and & filing, as well as routine accounting assistance for individuals and also local…",
Eskimo Radiator Service & Air Conditioning,,(844) 399-2125,,Radiators Automotive Sales & ServiceAutomobile Air Conditioning EquipmentRadiators-Wholesale & Manufacturers,"I'm a do-it-yourself kinda guy, I changed the compressor and drier on my 03 Hyundai Sonata but don't have my own purge and fill system. I brought the car over to Eskimo and it…",
R Js Linoleum Service,http://www.fresnoflooringservice.com,(559) 439-6752,Serving theCA Area,Flooring Contractors,From Business: R Js Linoleum Service,
Lancaster Insurance services,https://www.lancasterinsurance.biz,(661) 721-1337,,InsuranceHomeowners Insurance,"From Business: Full Service Insurance Company Commercial and residential insurance Specializing in Homeowners, Life, Automobile and Commercial and Fire Insurance",
Rohit Cleaning Service,,(707) 399-9800,,Cleaning ContractorsJanitorial Service,From Business: *Serving Solano for Over 14 Years *Available 7 Days a Week *Bonded and Insured,
GuardPower Security Services Inc.,http://www.guardpower.com,(877) 482-7310,Serving theCA Area,Computer System Designers & ConsultantsSecurity Guard & Patrol ServiceSecurity Equipment & Systems Consultants,"Guard Power is a productive and Encouraging work environment.I look forward in coming to work every work day, stable career. couldn't ask for anything more. Love my co-workers…",
A-Aall Services Inc.,,(760) 748-0248,,"Air Conditioning Service & RepairAir Conditioning Contractors & SystemsHeating, Ventilating & Air Conditioning Engineers","From Business: Specializing in: - Air Conditioning Service & Repair - Heating, Ventilating & Air Conditioning Engineers - Air Conditioning Contractors & Systems - Heating…",
Glass Services-Residential & Commercial,https://www.myglassservices.com,(714) 271-4999,,"Windows-Repair, Replacement & InstallationPlate & Window Glass Repair & Replacement",We had someone break our front office window in the middle of the night.  Glass Services came to our rescue.  They were very professional and reasonably priced.  I would highly…,
A & C Auto Air & Radiator Service,http://aandcautorepairmarin.com,(415) 578-1873,,Auto Repair & ServiceAutomobile Electric ServiceAutomobile Air Conditioning Equipment-Service & Repair,"From Business: A & C Auto Air and Radiator specializes in air conditioning, radiator and scheduled factory services for repair of most American and foreign or domestic SUVs,…",
Delta Auto Detail Mobile Service,,(925) 428-5307,,Car WashAutomobile DetailingAuto Repair & Service,"Dave was amazing, a true prince among men.  Took the time to ask me what products would be all right to use. I am sensitive to fumes. He accommodated every need and did a…",
World Restoration Services World Carpet Cleaning,,(707) 485-5441,,Home Repair & MaintenanceCleaning ContractorsCarpet & Rug Cleaners,,
North County Cremation Service,https://www.sandiegocremationservice.com,(760) 571-9316,,Funeral DirectorsFuneral Information & Advisory ServicesCrematories,"From Business: Since 1989, North County Cremation Services has been committed to providing compassionate and personalized services to families during their moments of grief.…",
Mikel's Insurance Services,http://www.mikels-ins.com,(800) 651-5349,,InsuranceBusiness & Commercial InsuranceHomeowners Insurance,"Amazing! I loved the service and the savings.. Would recommend to everyone, give them a call and you'll be happy you did. Britney was extremely help and answered all my…",
Peninsula Pool Service & Supply Inc,http://www.peninsulapool.com,(831) 375-9248,,Spas & Hot Tubs-Repair & ServiceSwimming Pool Repair & ServiceSwimming Pool Equipment & Supplies,Peninsula Poll Service takes care of their customers. They have repaired my Polaris at a very reasonable price.They did a search to locate a new motor for my pool pump. I give…,
Beacon Insurance Services Inc,http://www.beacon-insurance.com,(619) 354-7132,,Boat & Marine InsuranceProperty & Casualty InsuranceLife Insurance,"From Business: Our Company was started as a locally owned and operated insurance agency in San Diego, California in March of 1971 by Solomon A. Kachok. We utilize our combined…",
Paul's Shoe Repair Service,,(510) 616-6044,,Custom Made Shoes & BootsOrthopedic Shoe DealersShoe Shining,"From Business: Paul's Shoe Repair Service is conveniently located at 2281 Shattuck Avenue near Bancroft in downtown Berkeley. We've been serving the East Bay since 1958, and…",
Mehrbrodt Insurance Service,http://www.covinainsuranceauto.com,(626) 506-2128,,Fire InsuranceInsuranceHomeowners Insurance,"From Business: Mehrbrodt Insurance Service provides reliable and affordable insurance coverage for you and your family. Depend on our insurance company in Covina, California,…",
BTI  Professional Services,http://btiprofessional.com/,(714) 866-4476,,Tax Return PreparationAccounting ServicesTax Return Preparation-Business,I have been a client of BTI Professional Services Inc for the past 12 years and have always been satisfied with their service and professionalism.  They have always responded…,
Pacific Tire Services,https://pacifictirefontana.com,(909) 823-7202,,"Tire DealersUsed Tire DealersTire Recap, Retread & Repair","Good service fast and easy cash or credit , better deals if u have cash. Thank u for the new tires .""",
Hansen Well-Do Service,https://www.venturawaterwells.com,(805) 646-4802,,"Plumbing Fixtures, Parts & SuppliesWater Treatment Equip Service & Supply-WholesaleWater Well Drilling & Pump Contractors",From Business: We have been in the water well industry since 1926 when my Great Grandfather bought a home built rig and drilled his first well with his two sons (Ralph Sr. and…,
Adolph's A-1 Tree Service A Partnership,https://www.adolphstreeservice.com,(559) 222-0815,,Landscape ContractorsStump Removal & GrindingTree Service,"What a wonderful experience!From Mr. coming to give the estimate to the son and his crew doing the job.Excellent Service!!!Right on time!Entire Crew Friendly, quick and knew…",
R & R Pool Service,http://www.randrpoolservice.com,(209) 777-7886,,Swimming Pool Repair & Service,"Great pool service!  Would definitely recommend them!""",
"Skeet's Insurance Service, Inc",http://www.skeetsins.com,(209) 353-2732,,Auto InsuranceLife InsuranceInsurance,From Business: We are your neighborhood independent insurance agency. We have been a Glidewell family-owned-and-operated business since 1967. We are staffed by knowledgeable…,
Camelot Limousine Service,,(916) 847-0413,Serving theCA Area,Transportation ServicesAirport TransportationLimousine Service,,
Jerry's Landscaping Services,http://www.jerrys-treeservice.com/,(707) 780-2651,,ArboristsLandscape ContractorsStump Removal & Grinding,"Jerry came today to cut an overgrown Apple tree. His crew left the yard so clean, they even swept! The tree looks amazing. He took it Dow in a way that won't shock the tree, he…",
Holycross Memorial Service Inc,https://www.holycrossmemorial.com,(530) 770-2446,,CrematoriesFuneral Supplies & ServicesFuneral Planning,"From Business: Holycross Funeral Home and Crematory provides a wide variety of funeral services, in a caring environment, at a price you can afford. We intend to earn your…",
Ernie's Plumbing & Sewer Service,http://www.erniesplumbingandsewer.com,(925) 234-4482,Serving theCA Area,Construction ConsultantsBuilding ContractorsBuilding Construction Consultants,"Fast response, quality work and Josh was friendly too. We had an emergency water leak. Josh arrived within the hour and had the job done in no tim. I could have have saved…",
Gregg Property Service,http://rugdoctor.com,(209) 334-4227,,"Blinds-Venetian, Vertical, Etc-Repair & CleaningWindowsDoor & Window Screens",From Business: *Delivered and Installed / Pick-Up *Standard Sizes in Stock *Residential - Commercial - Apartments *Fast Service,
Elite Site Services,,(661) 393-9600,,"Fence-Sales, Service & ContractorsParty Favors, Supplies & ServicesWedding Supplies & Services","From Business: All Site Services, Inc. is an established, central California based portable sanitation company. We specialize in providing the highest quality portable toilets,…",
Placer Independent Resource Services,,(530) 820-9509,,Disability ServicesDevelopmentally Disabled & Special Needs Services & ProductsSocial Service Organizations,"From Business: PIRS is a non-profit independent living center. Our mission is to advocate, empower, educate and provide services for people with disabilities enabling them to…",
Vista Valley Tree Service Inc,http://www.vistavalleytree.com,(760) 659-3405,,ArboristsStump Removal & GrindingTree Service,"We recently hired Vista Valley Tree Service to trim and remove trees at our business. They did an excellent job, and I will definitely use them in the future. In fact, I plan…",
Paragon Tax Service,http://paragontax.biz,(279) 688-3482,,Payroll ServiceTax Return Preparation-BusinessTax Return Preparation,"From Business: We handle individual and business tax returns, audit representation, bookkeeping, quarterly returns, and payroll. Our goal is to help small businesses streamline…",
Raymund's Jr Tax Service Inc.,,(747) 216-1867,,Tax Return PreparationInsurance Referral & Information ServiceInsurance,"From Business: Raymund's Jr Tax Service specializes in Accounting, Payroll, Tax preparation, Notary services. Call today for an appointment.",
Carlon's Fire Extinguisher Sales & Service Inc.,https://www.carlonsfiresafety.com,(844) 238-6974,Serving theCA Area,Fire Protection Equipment & SuppliesFire Protection EngineersFire Protection Consultants,"From Business: Since we opened our doors back in 1936, we at Carlons Fire Extinguisher Sales & Service, Inc. have been the regions trusted company for fire protection services.…",
County RV Service Center,https://www.countyrv.com,(619) 440-6688,,Trailer Equipment & PartsRecreational Vehicles & Campers-Repair & ServiceTrailer Hitches,"From Business: Get all the repairs you need for your recreational vehicle at County RV Service Center. Locally owned and family operated since 1993, we have the experience to…",
Redwood Trust Deed Services Inc,http://www.redwoodtrustdeed.com,(800) 378-4388,,Foreclosure Services,,
J&J TV Sales & Service,https://www.jjtvrepair.com,(562) 222-8083,,Television & Radio-Service & RepairTelevision & Radio Stores,From Business: Convenient Mobile Services. Is your TV too large for you to bring into our shop? Our mobile repair services are just what you need! We make house calls from…,
Cal Communication Service Inc,http://www.calcsc.com,(925) 237-1907,,FireproofingFire Protection Equipment & SuppliesFire Protection Service,"From Business: Low Voltage Specialists fire, security, master clock, CCTV, intercom, and paging systems.U.L. Certified for installation, testing and maintaining life safety…",
Four Seasons Pool Service,http://www.thebestpoolman.com,(510) 509-1729,,Spas & Hot Tubs-Repair & ServiceSwimming Pool Equipment & SuppliesSwimming Pool Repair & Service,"From Business: Four Seasons Pool Service, Inc. is a full service company that offers remodeling, maintenance and repair for commercial swimming pools and spas. We take pride in…",
Jane's Answering Service,https://janesansweringservice.com,(831) 296-2718,,Secretarial ServicesCall CentersTelecommunications Services,"From Business: We handle the high volume of incoming telephone calls that you can't quite handle, but you don't want to hire more personnel. An answering service could be…",
AAA  Appliance Service,http://www.aaaappliancetn.com,(629) 777-9893,Serving theCA Area,Major Appliance Refinishing & Repair,"From Business: With extensive industry experience and the tools and equipment necessary to target a wide range of appliance-related problems, AAA Appliance Service is the place…",
Tree Tech Services,https://www.treetechservices.com,(916) 520-1818,,Landscaping & Lawn ServicesLandscape ContractorsTree Service,"It was a worry free, no hassle experience.   Thank you to Reuben and his entire crew at Tree Tech for being so AWESOME!  Mission complete!""",
Richards Tree Service Inc. - Colusa County,http://www.richardstree.com,(530) 458-4292,,ArboristsTree ServiceLandscaping & Lawn Services,"Our Mulberry tree has had excellent trimming from Richard's Tree Service for many years.  They are careful, fast, and do great on clean-up!  The crew is knowledgeable and…",
AM PM Appliance Service,https://ampmappliances.com/,(747) 224-2634,,Small Appliance RepairAir Conditioning Contractors & SystemsRefrigeration Equipment-Commercial & Industrial,From Business: AM PM Appliances Service and Repair is a family-owned small business. We are one of Southern California's oldest service and repair companies. Being in business…,
A  Ortega Gardening Service,,(323) 686-6516,,Lawn MaintenanceGardenersMasonry Contractors,From Business: A Ortega Gardening Service A privately held company which Categorized under Lawn and Garden Services. Our records show it was established in 2001 and…,
Lawyer Referral Service of the Bar Association of N San Diego County,http://www.lawreferral.org,(760) 659-2227,,AssociationsAttorneysAttorneys Referral & Information Service,"The LRS counselors are very helpful and professional!""",
Tognazzini Beverage Service,,(800) 549-1144,,Soda Fountain Equipment & SuppliesRestaurant Equipment & SuppliesBeverage Dispensing Equipment & Repair,"From Business: In business in the Santa Maria area since 1981, our goal is always the satisfaction of our customers. No matter what time you have a problem we’re available to…",
Peter Piper's Plumbing & Drain Cleaning Service,https://www.peterpipersplumbing.com,(707) 318-0008,,Sewer Cleaners & RepairersPlumbing-Drain & Sewer CleaningWater Heater Repair,Peter and his team went above and beyond to take care of my plumbing issues.  I had a leak this morning and was taken care of right away.  I am very grateful for Peter Piper's…,
Zarco's Professional Tree Service,https://www.zarcosprofessionaltreeservice.com,(831) 277-7246,,Landscape ContractorsLandscaping & Lawn ServicesT-Shirts,"I was extremely pleased with the fact that my requests were listened to and the work was beautifully executed, down to proper trimming and cleanup. He has an excellent…",
"Richard's Tree Service, Inc",http://richardstree.com,(530) 673-7993,,Tree ServiceStump Removal & GrindingArborists,"Absolutely skillful, had an overgrown elm tree that needed thinning out- they sculpted it beautifully. As to the crew running the shredder: if there was nothing else to do they…",
Acorn Aboricultural Services Inc,https://www.acornarboricultural.com,(916) 742-7677,,ArboristsTree ServiceTree Service Equipment & Supplies,"From Business: Acorn Arboricultural Services Inc. I.S.A. Certified Arborists and Tree Workers provide Roseville, Placer County & Greater Sacramento area with the highest…",
Franklin's  Service,http://www.franklinsservice.com/,(707) 822-1975,,Auto Repair & Service,"Great service, they always try to make repairs affordable- very happy!""",
Reliable Landscape & Tree Service,http://www.reliabletreeserv.com,(714) 984-8524,,ArboristsLandscaping & Lawn ServicesBuilding Contractors,I needed immediate service and the owner came out to give me a quote within a few hours.  He found a crew to trim one tree around telephone and electrical lines and cut down a…,
Mid-County Janitorial Services,http://www.midcountyjanitorial.com,(209) 631-7545,,Cleaning ContractorsBoat Maintenance & RepairHouse Cleaning,From Business: Mid-County Janitorial Services has been proudly serving Merced and the surrounding area since 1989. We are a commercial and office cleaning company that take…,
Charleston Tree Service,,(707) 497-4471,,Tree ServiceStump Removal & GrindingArborists,Charleston Tree Service removed two huge Monterey Pines from my property near Table Bluff and did an outstanding job.  I chose them after receiving three other bids for the…,
Arden Village Service Inc At Scott's Corner,http://www.ardenvillageservice.com,(916) 476-8524,,Auto Repair & Service,"They are all very honest, reasonable, will tell you what you (only) need to have repaired, and fix it only with your consent. They are also timely with repairs and will beat…",
T & T Truck & Crane Service,http://www.truckandcrane.com,(661) 441-8474,,TruckingIndustrial Equipment & Supplies-WholesaleIndustrial Equipment Repair,"From Business: T&T Truck and Crane Service is a family owned business since 1969. They are available 24/7 and offer competitive rates. Cranes Services: Hydraulic 15 to 300 Ton,…",
University City Service Center,http://www.ucservicecenter.net,(858) 869-0546,,Gas StationsAutomobile Parts & SuppliesAutomobile Diagnostic Service,"From Business: University City Service Center Inc. has been providing quality car care in San Diego, CA since 1982. We are a family owned business delivering honest and…",
ServiceMaster Anytime,http://www.svma.com,(805) 562-6185,,Air Duct CleaningWater Damage RestorationCarpet & Rug Cleaners,"Great company - they are promp, professional, and get the job done quickly. I would highly recommend Service Master for flood cleanup.""",
A&J Landscaping and Sprinkler Service,http://www.aj-landscaping.com/,(661) 426-8764,,Landscaping & Lawn ServicesLandscape Contractors,This Landscaper is a treasure. I had a backyard that had been destroyed by my Border Collie. Nothing but dirt and holes! I called and was promptly answered by Antelmo who came…,
Services Management,https://www.dms.myflorida.com,(619) 456-0305,,BookkeepingTax Return PreparationTax Return Preparation-Business,"From Business: Our tax pros at Main Street Village Shpg Ctr in El Cajon, CA can handle all your tax needs, including help with earned income tax credit, a tax refund or tax…",
Professional Real Estate Services,http://www.livingriversidecounty.com,(951) 916-4681,,Real Estate ConsultantsReal Estate InvestingReal Estate Agents,"From Business: Finding your dream home is not just about aesthetics, it's also about affordability. I'm here to guide you through the complex process of buying a home,…",
Agricultural Pest Control Services,http://www.agpest.com,(858) 536-2999,,"Pest Control Services-Commercial & IndustrialPest Control ServicesAnimals-Circus, Zoo & Preserve",I highly recommend AG Pest to any home owner and renters. I called with pest issues. Jr took my call and was extremely nice and set me up with an appointment the same day.…,
Team Insurance & Financial Services Inc.,https://teaminsurance.net,(707) 462-5901,,Life InsuranceHealth InsuranceHomeowners Insurance,"good service  and information""",
Roy's Screen Service,https://roysmobilescreen.com,(424) 253-8244,Serving theCA Area,Screen EnclosuresScreening & Sifting EquipmentWindow Cleaning,"From Business: Proudly serving West Los Angeles and the South Bay, we specialize in providing top-notch services for window screen repair and installation, sliding screen…",
JC  Pressure Washing &  Landscaping Services,,(916) 396-4718,,Power WashingLandscape ContractorsPressure Washing Equipment & Services,From Business: JC Pressure Washing & Landscaping Services is a small family owned business looking forward to serving you with any landscape maintenance need you may have. We…,
Nationwide Transport Services,https://ntslogistics.com,(844) 684-7608,Serving theCA Area,Container Freight ServiceTrucking Transportation BrokersFreight Forwarding,"I am really happy with the services, great team effort, the driver was really nice too""",
Sunshine Janitorial Service,http://www.sunshinejanitorialservice.net,(909) 500-2323,Serving theCA Area,Window CleaningJanitorial ServiceHouse Cleaning,"From Business: Sunshine Janitorial Service offers complete janitorial services for your home or office. Complete dusting, bathrooms cleaned and sanitized, wood furniture…",
